# object_types	path	sha256	bytes	reason
permissionsetextension_declaration	BC.History/APIReportsFinance/Source/API Reports - Finance/src/permissions/d365basicisvreportsfinance.permissionsetext.al	7ad9463a16c22decd0d1e27946524d7a2438f3845fdd0ca3a3a0bbb2e559f3fe	247	set-cover
entitlement_declaration	BC.History/APIV1/Source/_Exclude_APIV1_/src/Entitlements/AzureADApplicationApiAPIV1.Entitlement.al	8bbcbeca6db2f1ec7b30b84f4ed51b5528a90243f03496fd2cc4f7a6e42b1bde	182	set-cover
codeunit_declaration	BC.History/APIV1/Test/_Exclude_APIV1_ Tests/src/SalesInvoicesE2E.Codeunit.al	e2874726a332c4c32f4c95f498f88107f1bcd505d22dfe65161a478dbd767751	63494	set-cover
interface_declaration	BC.History/AuditFileExport/Source/Audit File Export/src/AuditFileExportDataCheck.Interface.al	aebe7947f63bf55abd8be58c39c10907a1d49c741b10855c5d7370e1576db9d2	1442	set-cover
permissionset_declaration	BC.History/AuditFileExport/Source/Audit File Export/src/Permissions/AuditExportObjects.PermissionSet.al	1f8b6189a909aab385f1e35648e8c6521d729ce932153959582e4237f8103666	2234	set-cover
enumextension_declaration	BC.History/AuditFileExport/Test/Audit File Export Tests/src/AuditFileExportFormatTest.EnumExt.al	05a3af65c9207ded3870ce08db97cccb3c83d2bb7a638b429b4600fc7cf9e1cc	321	set-cover
codeunit_declaration	BC.History/BankDeposits/Test/_Exclude_Bank Deposits Tests/src/UTPageBankDeposit.Codeunit.al	18123741bd05ca74784261be338835a7bf50a468eed9564bbb9dd00efd772279	57595	set-cover
pageextension_declaration	BC.History/BaseApp/Source/Base Application/AdvancedSettingsExt.PageExt.al	2417b394ca8c9e62bd0e134e32685a5488e4ccde14e2790da4d6a6d8ce19e4c7	3208	set-cover
table_declaration	BC.History/BaseApp/Source/Base Application/Bank/BankAccount/BankAccount.Table.al	9afc0f13b9e7bf9faa3b7ce800ad4ba5eea829f735d41ee62021b4071a62e193	62875	set-cover
xmlport_declaration	BC.History/BaseApp/Source/Base Application/Bank/DirectDebit/SEPACTpain00100103.XmlPort.al	c409aa8f63a6863be29644cf0c64500f5ed226bdbd63cf80085e6e9b15b49b0d	21341	set-cover
page_declaration	BC.History/BaseApp/Source/Base Application/Bank/Reconciliation/BankAccReconciliationList.Page.al	386aed778620280d003beeaada13086dfeb048191a7ff8e105998c395a43aa5b	6276	set-cover
profile_declaration	BC.History/BaseApp/Source/Base Application/CRM/RoleCenters/Sales.Profile.al	222764428e43e35790799c5a7edc73cebc949b3835acab8ff46f94a8eccdd4ed	580	set-cover
page_declaration	BC.History/BaseApp/Source/Base Application/CRM/RoleCenters/SalesRelationshipMgrRC.Page.al	6d0bf0fd071b370f3edccac829983031c7496ad214334358a585f5565d5e97fd	40035	set-cover
page_declaration	BC.History/BaseApp/Source/Base Application/Finance/FinancialReports/AccScheduleOverview.Page.al	7706d31f384ed05c9f61e4370cdd76c1a21f36569c55232cdb064c0963fa68c9	99392	set-cover
page_declaration	BC.History/BaseApp/Source/Base Application/Finance/FinancialReports/FinReportExcelTemplates.Page.al	6f18a45a57830cfb6373b61c94aaa8425e76c0249778688dcbc60ab48a966a26	7244	set-cover
page_declaration	BC.History/BaseApp/Source/Base Application/Finance/GeneralLedger/Journal/CashReceiptJournal.Page.al	1111d9406ef123b5332be6c5ed19b93ec0e5b5624f8b4702aa74193229c81c82	72583	set-cover
codeunit_declaration	BC.History/BaseApp/Source/Base Application/Finance/GeneralLedger/Journal/GenJnlCheckLine.Codeunit.al	9ffefaead894d0a9af67c04fc650551f5fc5f8bc358588b345b005425dae6fc7	60939	set-cover
table_declaration	BC.History/BaseApp/Source/Base Application/Finance/GeneralLedger/Ledger/GLRegister.Table.al	3ac704c56518bff05a3bb6e4fe79a21ddd95d8518bd99d370cfd0fe30a0f0d6c	4427	set-cover
page_declaration	BC.History/BaseApp/Source/Base Application/Finance/RoleCenters/AccountantActivities.Page.al	e3151f0d3f305027bbd2f673be2c978f971262e7ed934b5511d1ef6ea9ffcc1f	18684	set-cover
pagecustomization_declaration	BC.History/BaseApp/Source/Base Application/Finance/RoleCenters/BusinessManagerEvaluationRC.PageCust.al	18a57df7308c9ff55cecec8eaf038c9b723b4898910b05d0b43d2e7b03c20079	711	set-cover
query_declaration	BC.History/BaseApp/Source/Base Application/Finance/VAT/Ledger/VATEntriesBaseAmtSum.Query.al	ab5517e0f47899ac1f2bdf234e51d807ca34a14f66510a448236e7a5a00efbec	1670	set-cover
report_declaration	BC.History/BaseApp/Source/Base Application/Finance/VAT/Reporting/VATVIESDeclarationTaxAuth.Report.al	38ed87928d8cd9dbcf5de7545b626c21cf97fec072cb85b25539369738c3706a	12110	set-cover
table_declaration	BC.History/BaseApp/Source/Base Application/FixedAssets/FixedAsset/FARegister.Table.al	7396d3df749f29b873ec8098d9dc6ec9c82b3b1f1086fc115302d04043445a9f	4160	set-cover
codeunit_declaration	BC.History/BaseApp/Source/Base Application/Foundation/Period/DateCompression.Codeunit.al	9b2efb7828874a711bfa98946c961099183c8a3ebe17293caf55d40b15d03507	31855	set-cover
table_declaration	BC.History/BaseApp/Source/Base Application/Integration/D365Sales/CDSCompany.Table.al	aba1d1b626238680faf07a787632466c050479f07c83f9094c8dbb4093c25343	11683	set-cover
codeunit_declaration	BC.History/BaseApp/Source/Base Application/Integration/D365Sales/CRMIntTableSubscriber.Codeunit.al	378c7958c9b25d42e1eb69e19f27a53ce99b4a867ecbe8d3b1e7e46d9a379195	173329	set-cover
codeunit_declaration	BC.History/BaseApp/Source/Base Application/Integration/D365Sales/CRMSetupDefaults.Codeunit.al	1c5c7a040d98740b6ebf25a63b495c2577d507f24afe55296226c5b6fe08f62b	124366	set-cover
codeunit_declaration	BC.History/BaseApp/Source/Base Application/Integration/Dataverse/CDSTransformationRuleMgt.Codeunit.al	a0b90f473772ee86be760a2807052f6696e46f5e737daf050a5bff3590859fb7	5088	set-cover
codeunit_declaration	BC.History/BaseApp/Source/Base Application/Inventory/Counting/Document/PhysInvtOrderFinish.Codeunit.al	c7cc40d18d7b5d783e6a564dbde3546e2b4dbe10ba999e7c8440302c0093deda	42785	set-cover
xmlport_declaration	BC.History/BaseApp/Source/Base Application/Inventory/Item/ExportItemData.XmlPort.al	c9f2b6c552fa328bc34abd9f5801915a8e91859cfc932eff14b0dbd4a45dc31e	115785	set-cover
tableextension_declaration	BC.History/BaseApp/Source/Base Application/Inventory/Location/ReturnReasonExt.TableExt.al	23638895e4984cbabf41d2ef753b8c80613bdaf29d935782d737424d93acc324	1258	set-cover
report_declaration	BC.History/BaseApp/Source/Base Application/Inventory/Reports/ItemVendorCatalog.Report.al	42a2b23a367631c892f9d9e6639d6a3a9e03663c256776dd007cc388fd97415f	7088	set-cover
page_declaration	BC.History/BaseApp/Source/Base Application/Inventory/Tracking/ItemTrackingLines.Page.al	1e395b899e56a2319d655cd3d022e9aeecc4f13d6c5539a51282e423bcb69b78	210503	set-cover
tableextension_declaration	BC.History/BaseApp/Source/Base Application/Manufacturing/Inventory/Planning/MfgPlanningComponent.TableExt.al	b6b38b214dd85aba46783a3b5f299d69444023565dc1950c0eb82b58d6e7b2a1	13773	set-cover
dotnet_declaration	BC.History/BaseApp/Source/Base Application/Modules/System/DotNetAliases/dotnet.al	41897c28109cd05cb0d382166d81ba2086e73bf7447c509155e94fe209ef384b	886	set-cover
enum_declaration	BC.History/BaseApp/Source/Base Application/Modules/System/OnboardingSignal/OnboardingSignalType.Enum.al	3ba434da5d0274b4c6e32bc5bb4a8c6e7e73430458b6a3563480cc2aa202c3c1	297	set-cover
page_declaration	BC.History/BaseApp/Source/Base Application/Projects/Project/Job/JobList.Page.al	80a1e9eb36ccf15a5990d807b63a39979dd34c34a2099d6aa74bb9390a2361cb	49121	set-cover
page_declaration	BC.History/BaseApp/Source/Base Application/Projects/Resources/Resource/ResourceCard.Page.al	1996ebcfa53778ff33add361a962fc87425e2538b7885e502e2159e222b4d0e2	46493	set-cover
table_declaration	BC.History/BaseApp/Source/Base Application/Projects/RoleCenters/JobCue.Table.al	f10ec3437755f8613d28cc905e4f0453f44443e13f29959c22ddf8af0730359e	4986	set-cover
table_declaration	BC.History/BaseApp/Source/Base Application/Sales/Document/SalesHeader.Table.al	e2148e810d686953960bc1b2c791d5e2375d2937b83152081dcd4fdff3152d04	490428	set-cover
xmlport_declaration	BC.History/BaseApp/Source/Base Application/Sales/Peppol/SalesCrMemoPEPPOLBIS30.XmlPort.al	c17913580b1a38681194c4bbe9fd703cf5259d3abfb4ce540d2ad5ec84fcc481	92950	set-cover
report_declaration	BC.History/BaseApp/Source/Base Application/Service/Document/CopyServiceDocument.Report.al	1f0486067827a3188cbff34710a8b81be23b3587edbdc46cc0f9ad54031397db	8727	set-cover
reportextension_declaration	BC.History/BaseApp/Source/Base Application/Service/Foundation/Navigate/ServDocumentEntries.ReportExt.al	ca5e41e53153c38027767e6b1552a345f5deb419124ce4a6a93ad8d1a7c28024	5100	set-cover
codeunit_declaration	BC.History/BaseApp/Source/Base Application/System/JobQueue/JobQueueErrorHandler.Codeunit.al	193e162fdd0b2581c39b8f66e5b044124bab8d3db4d83687b5de60ab6f2f1dee	4211	set-cover
profileextension_declaration	BC.History/BaseApp/Source/Base Application/System/Profile/BlankExt.ProfileExt.al	1defbabacca8b5e2cb52aff62cd37a8cb5cc2779f09a48bed0e04ab333bf6186	114	set-cover
codeunit_declaration	BC.History/BaseApp/Source/Base Application/System/RapidStart/ConfigPackageManagement.Codeunit.al	0bfef7a1c6c8182987ac0f60ebb7ae05cbb2147364492a2ba5cf0fecf9bfe9f3	137084	set-cover
page_declaration	BC.History/BaseApp/Source/Base Application/System/RapidStart/RapidStartServicesRC.Page.al	1c19c23e521f5e55cc3b667e6bbe438ec22c51edb6185a80b6f584e8ad8e2458	5758	set-cover
pageextension_declaration	BC.History/BaseApp/Source/Base Application/System/User/UsersCustomization.PageExt.al	c0924c7366ed51eb2c0d81b863bcc0e4f015d4a75df874c4fa5ffbe8853cc699	11746	set-cover
codeunit_declaration	BC.History/BaseApp/Source/Base Application/Warehouse/Structure/WhseIntegrationManagement.Codeunit.al	da7b214cd12b53e6427682e0f40a9a0cbf7527b2e8a9454c45f4242167e1fff9	12564	set-cover
codeunit_declaration	BC.History/BaseApp/Test/Tests-TestLibraries/LibraryUtility.Codeunit.al	f77ba6b2cf4bc2ce12261bfa9e715cef42661edea4f78fd1ceea9c7df31b82df	30015	set-cover
codeunit_declaration	BC.History/BusinessFoundation/Source/Business Foundation/NoSeries/src/Setup/NoSeriesSetupImpl.Codeunit.al	060aceee815c4a6f6d3f6043e4491c0451bbbd8bcdc1bb7a6ed7157dd104c036	16691	set-cover
codeunit_declaration	BC.History/BusinessFoundation/Source/Business Foundation/NoSeries/src/Single/NoSeriesSequenceImpl.Codeunit.al	da3e46fc2e54301624a6c60e1626f89006bf88e0c7dde4382ea7d53df90478d4	16023	set-cover
page_declaration	BC.History/BusinessFoundation/Source/Business Foundation/NoSeriesCopilot/src/Copilot/NoSeriesGeneration.Page.al	d0dda53654a889e1e34b5d813bc62b0ffb24086134a3d7b6b9e831ad4ef68521	8669	set-cover
pageextension_declaration	BC.History/ContosoCoffeeDemoDataset/Source/Contoso Coffee Demo Dataset/DemoTool/CompanyCreationWizardExt.PageExt.al	6a180293ad595cb06523a42b43fafd58189095090f71d7daca29ab5a9b73f473	2852	set-cover
table_declaration	BC.History/EDocument Core/Source/E-Document Core/src/Processing/Import/AdditionalFields/EDocPurchLineFieldSetup.Table.al	1ae7c8fbb930bf4bbd0412317f0acd44e8ecc393d7ef061b48496977166f33a5	7752	set-cover
pageextension_declaration	BC.History/ErrorMessagesWithRecommendations/app/Error Messages with Recommendations/src/ErrorMessagesRecommendationExt.PageExt.al	c727d9743ecff4cf02b53135efc0e076799f3f35d342806b6e7d990f25a8ab52	7368	set-cover
report_declaration	BC.History/ExcelReports/Source/Dynamics BC Excel Reports/src/Customer/EXRCustomerTopList.Report.al	d8f08a929932348cf1d206303d61d1b4924306cfff7cdd084b8c589e5c184329	13515	set-cover
report_declaration	BC.History/Intrastat/Source/Intrastat Core/src/Processing/IntrastatReportGetLines.Report.al	7cd9898df70ac1a6ec3975524cb5abb16827f9e343cd2ddb9b91070cdbc6c8b0	74667	set-cover
page_declaration	BC.History/SalesLinesSuggestions/Source/Sales Lines Suggestions/Attachment/SalesLineFromAttachment.Page.al	566031ec1ed2e87fa9520feae153bb7c0056966631e9ea5752bb4f82791e557e	16202	set-cover
pageextension_declaration	BC.History/SubscriptionBilling/Source/Subscription Billing/Billing/Page Extensions/PostedSalesCreditMemos.PageExt.al	32ebd8f0ea66cc4145cf3274edf3fff57fb2f58b7deb12a97ea219c25e3a1401	564	set-cover
reportextension_declaration	BC.History/SubscriptionBilling/Source/Subscription Billing/Billing/Report Extensions/ContractStandardSalesInv.ReportExt.al	177e362e8774feb93f8087351b0067bfcb2d2deb1a568b539686212b75f73464	12263	set-cover
query_declaration	BC.History/SubscriptionBilling/Source/Subscription Billing/Overdue Service Commitments/Queries/OverdueCustomerServComm.Query.al	c78ef5850b7aa63f7e27220937706835e7ce99cfd53581814feafe964f0971a2	2485	set-cover
reportextension_declaration	BC.History/SubscriptionBilling/Source/Subscription Billing/Sales Service Commitments/Report Extensions/ContractStandardSalesQuote.ReportExt.al	c20fdc3a139f726c25f35c6e43bcfbca60dd79bd55586f145b094d88d6bdcaa4	7154	set-cover
pageextension_declaration	BC.History/System Application/Source/System Application/Azure AD Plan/src/User Details/PlanUserDetails.PageExt.al	d744f3a7d6ec70f2b16d3e78d610bb82add8acf78581397b38d09097bac81cad	2619	set-cover
controladdin_declaration	BC.History/System Application/Source/System Application/ControlAddIns/src/PowerBIManagement.ControlAddin.al	a391d910720ebd3e75f77b20aaa3846926097c97caeaaa778f0c6eb70ad4a348	10547	set-cover
preproc_split_declaration	BC.History/System Application/Source/System Application/Email/src/Connector/EmailConnector.Enum.al	df8467a8c8248474fa62254e04e56d231a1f89a6e13d64751aba7ade2b418f4e	1118	set-cover
codeunit_declaration	BC.History/System Application/Source/System Application/Email/src/Email/EmailImpl.Codeunit.al	5697b6e54466c480e75897830405e8dabd6dae6c892311d8662427c5e0f2b70a	42135	set-cover
